model,hour,nlpd,crps,pit,standardized_residual,cover_50,width_50,cover_80,width_80,cover_95,width_95
baseline_analog,10.0,1.4238856651931242,0.5437305201154354,0.4111142932703782,-0.3026252386060439,0.6529032258064517,1.6987917756618973,0.9135483870967742,3.2227191362336387,0.9741935483870968,4.8603788736639455
baseline_analog,11.0,1.5788989679588796,0.6480250017669746,0.48279518289890405,-0.07708092613886913,0.5870967741935483,1.8290611944735211,0.8941935483870967,3.5225693025290052,0.96,5.381970286672298
baseline_analog,12.0,1.7517023071286026,0.7798945460174092,0.5245829543768665,0.06292039498432656,0.5561290322580645,2.028198932883445,0.8554838709677419,3.925565024931485,0.9548387096774194,6.067396352142885
baseline_analog,13.0,1.8833368677273759,0.896059739964006,0.5515672349401087,0.16195515791091364,0.5329032258064517,2.183147689873345,0.8232258064516129,4.243393067056309,0.944516129032258,6.580555513901697
baseline_analog,14.0,1.953154456359984,0.9630731530151772,0.5374580567757417,0.11856346084992074,0.5096774193548387,2.365315973774082,0.8361290322580646,4.588841355474854,0.9419354838709677,7.04693317032105
baseline_analog,15.0,2.0064885334801783,1.018153906579949,0.5360178286923261,0.11567139886138891,0.5083870967741936,2.4462990110485907,0.8232258064516129,4.779847648618427,0.9290322580645162,7.298853425470682
baseline_analog,16.0,2.0466011748350827,1.0624414186271212,0.5281628835523218,0.09180241242592413,0.5019354838709678,2.472793548233359,0.8141935483870968,4.883813095006353,0.9341935483870968,7.477393961824478
baseline_analog,17.0,2.07961034465046,1.0976351828257478,0.5401886074398023,0.1331613175604815,0.472258064516129,2.452030508279048,0.7961290322580645,4.885659961369462,0.9251612903225807,7.362403728369499
baseline_analog,18.0,2.0665545915382824,1.0870712701968366,0.5426650153840199,0.1510039511825034,0.4464516129032258,2.4195204074231205,0.7858064516129032,4.705197665993609,0.9264516129032258,7.027012348745548
baseline_analog,19.0,1.9674885703279288,0.9869647227757282,0.506051692887229,0.01826015732548489,0.47870967741935483,2.3148646361244487,0.7974193548387096,4.440948241885432,0.9290322580645162,6.718801247784573
baseline_analog,20.0,1.8538110383808935,0.883811636905579,0.540654578761667,0.13369122967894853,0.472258064516129,2.0296361316067104,0.7961290322580645,4.003322474390426,0.9341935483870968,6.034651858129419
baseline_analog,21.0,1.7500373051193638,0.795359876668829,0.4900311550593107,-0.03384666380959983,0.48516129032258065,1.8933442037664938,0.8129032258064516,3.7644324557388478,0.9393548387096774,5.692668174776919
baseline_analog,22.0,1.7533533028527695,0.7977431555393413,0.5644782011339667,0.22812118005031795,0.49032258064516127,1.8535332207998874,0.8103225806451613,3.623897908645392,0.9341935483870968,5.503043065439962
baseline_analog,23.0,1.7598121226950219,0.8007166584537798,0.5227064264566442,0.07717333878778777,0.4941935483870968,1.8826945131857598,0.7935483870967742,3.583693416876405,0.9419354838709677,5.54630388087786
baseline_functional,10.0,1.1236259909702786,0.3905023204506124,0.38782656371951413,-0.33614067359810257,0.6980645161290323,1.2896969008539445,0.9264516129032258,2.4487415493886697,0.9870967741935484,3.7406592576011573
baseline_functional,11.0,1.313960886045501,0.48151540311043106,0.46383845811482866,-0.11934796945227401,0.6567741935483871,1.4675363902532275,0.9109677419354839,2.7887982802986793,0.9754838709677419,4.263256686303352
baseline_functional,12.0,1.5535391498604452,0.6243013701508994,0.5119178744896182,0.022917278884123884,0.6141935483870967,1.7198921837767385,0.8683870967741936,3.2683783193007976,0.9574193548387097,4.995435279369887
baseline_functional,13.0,1.7177361869623133,0.7467810879428296,0.5380938005947198,0.11283793302082727,0.5651612903225807,1.914094330307412,0.8387096774193549,3.638764974082278,0.9509677419354838,5.56113271295008
baseline_functional,14.0,1.81782676569235,0.8277525844505509,0.5319961814088795,0.0888176517473608,0.5612903225806452,2.1164858597410023,0.8425806451612903,4.022460036500404,0.9496774193548387,6.148502691636026
baseline_functional,15.0,1.8984781864651563,0.9000327600244848,0.5249875186253071,0.0650591981771889,0.5406451612903226,2.232489027112234,0.8283870967741935,4.241856843903854,0.9432258064516129,6.484616193470415
baseline_functional,16.0,1.9621500852644571,0.9611586481489923,0.5235026543078481,0.05827295842950514,0.5174193548387097,2.2963440524408716,0.7974193548387096,4.36286563588387,0.9432258064516129,6.672915890556577
baseline_functional,17.0,2.00145450905687,1.0023388914835931,0.5315686540111333,0.09209983936610192,0.49290322580645163,2.321392042504456,0.7793548387096774,4.405576528587008,0.9432258064516129,6.7360134277812485
baseline_functional,18.0,2.002381418949882,1.003321833428191,0.5338512942572776,0.10703374099151514,0.4864516129032258,2.2640745111178164,0.7767741935483871,4.297983269633114,0.944516129032258,6.573462790621614
baseline_functional,19.0,1.921258519366505,0.9286563501028161,0.5128962594577858,0.027952259859607052,0.4890322580645161,2.1551756870059133,0.7819354838709678,4.092877322723721,0.9535483870967741,6.257898380574955
baseline_functional,20.0,1.7896089920910265,0.8144299773483343,0.5208807270803903,0.06896995200842553,0.5058064516129033,1.9775809057530571,0.8180645161290323,3.75705167001656,0.944516129032258,5.746718023612094
baseline_functional,21.0,1.7027286792071927,0.7480834234721729,0.4857195012610381,-0.04210368457000626,0.5083870967741936,1.8823592213432083,0.8258064516129032,3.5741878933057953,0.9651612903225807,5.467613313723485
baseline_functional,22.0,1.7074488149433422,0.7537051911325288,0.547034464074927,0.1689962835722458,0.49806451612903224,1.876116194495761,0.8283870967741935,3.5652332021617066,0.9561290322580646,5.4496818232363395
baseline_functional,23.0,1.7298742727080827,0.7731732020534996,0.5164761886332411,0.06461972021136256,0.4774193548387097,1.906205724614665,0.8258064516129032,3.621633973430891,0.9587096774193549,5.535318005845646
baseline_persistence,10.0,1.3079022202781936,0.48839643700489815,0.33753339654649717,-0.49328443185310905,0.6038709677419355,1.4516932304450603,0.8980645161290323,2.760363835813501,0.9858064516129033,4.218543493562314
baseline_persistence,11.0,1.4627788907983732,0.5747705806390725,0.44232688946081755,-0.18845016782808505,0.5870967741935483,1.6098949776043316,0.8761290322580645,3.060163839851299,0.9729032258064516,4.677000897396155
baseline_persistence,12.0,1.6647490620154142,0.7077755718289336,0.5002027981500474,-0.008990506247785503,0.5587096774193548,1.8479136025575587,0.84,3.512082594872575,0.9625806451612903,5.363961894514786
baseline_persistence,13.0,1.8114769381235507,0.8289992475460016,0.5375625520057279,0.11838834647419728,0.5264516129032258,2.0286718346408046,0.8090322580645162,3.85336991709849,0.9483870967741935,5.887607854792824
baseline_persistence,14.0,1.890396667886982,0.8994444669934427,0.522880585173288,0.06327548075291134,0.5174193548387097,2.235049980860504,0.8361290322580646,4.247058519686059,0.952258064516129,6.488496393844145
baseline_persistence,15.0,1.9518850868235107,0.956601394907385,0.5233153369326135,0.0603977457377935,0.5225806451612903,2.32095595352881,0.8180645161290323,4.406285319534916,0.9470967741935484,6.737327118400185
baseline_persistence,16.0,1.997663031360157,1.0003917071423039,0.5139848159400378,0.026407367184526298,0.5096774193548387,2.373930170716437,0.7858064516129032,4.509142286066351,0.9509677419354838,6.897485335256441
baseline_persistence,17.0,2.021414926220485,1.0252687886574345,0.5278205004160458,0.07891729688466546,0.4890322580645161,2.3661716699615463,0.7806451612903226,4.497309499742921,0.9509677419354838,6.873918047530172
baseline_persistence,18.0,2.0142034654693575,1.0176478736152614,0.5307275319129723,0.09494320132751752,0.4864516129032258,2.304486869461608,0.7703225806451612,4.380287621829349,0.9432258064516129,6.700237251204322
baseline_persistence,19.0,1.943564060013243,0.9477905979536733,0.48155491482348695,-0.08266939246208957,0.5148387096774194,2.2354267841169655,0.7909677419354839,4.252778619528647,0.9561290322580646,6.501088127653988
baseline_persistence,20.0,1.8664844697126357,0.8764592236887673,0.5198571898523522,0.06025406653717702,0.512258064516129,2.1809594525263503,0.8309677419354838,4.14527722067775,0.952258064516129,6.339134588017015
baseline_persistence,21.0,1.8621162867909953,0.8691220732802386,0.4719307751352955,-0.10285166408716423,0.5225806451612903,2.1559082350847567,0.8219354838709677,4.094576221157425,0.9483870967741935,6.263333284369812
baseline_persistence,22.0,1.922169689468917,0.9252214133812208,0.5460369861511569,0.14092119661898517,0.5225806451612903,2.2935032711241603,0.8206451612903226,4.355442702190719,0.9483870967741935,6.661103180856136
baseline_persistence,23.0,1.9754940270092007,0.9707054213363734,0.504888054647135,-0.0023087635280298175,0.535483870967742,2.348754797896228,0.8038709677419354,4.462539624035123,0.9393548387096774,6.822966216564819
gp_additive,10.0,1.3147725803932417,0.4614577144753328,0.27531151834149303,-0.8396931927054355,0.352258064516129,0.7949451352099219,0.6567741935483871,1.5099571148712565,0.8696774193548387,2.310047154373931
gp_additive,11.0,1.4027882818242356,0.5437400823757463,0.43337900161903103,-0.23329115527755356,0.4567741935483871,1.1767347268090944,0.7703225806451612,2.234441281202925,0.9225806451612903,3.4150929920719966
gp_additive,12.0,1.6785425684589392,0.7120686123072658,0.5041658765021189,0.018424904799210714,0.47870967741935483,1.520827544100006,0.7548387096774194,2.887950562822505,0.92,4.417689780160112
gp_additive,13.0,1.8947091253397248,0.8830016788048207,0.5400872083647786,0.15990475372983748,0.44387096774193546,1.8020277685975032,0.7264516129032258,3.4235517538275158,0.9058064516129032,5.233349062604475
gp_additive,14.0,2.011176495937251,0.9953268953109909,0.525343060420174,0.10206234077334105,0.4258064516129032,2.0208905293285433,0.7354838709677419,3.8379137194924295,0.9019354838709678,5.865777930857558
gp_additive,15.0,2.112436814155959,1.094484626436851,0.5240439654004683,0.09805469228745024,0.432258064516129,2.184440230524286,0.7174193548387097,4.147987534081172,0.9019354838709678,6.337132541875967
gp_additive,16.0,2.175542536306246,1.1617149284051087,0.5149430759009489,0.06669205828314731,0.42838709677419357,2.299877572286266,0.7096774193548387,4.3665632119029905,0.895483870967742,6.672814964943639
gp_additive,17.0,2.2041150030014474,1.1963941082004477,0.5274507679109339,0.1216097045657077,0.4180645161290323,2.377253231638589,0.7148387096774194,4.515773854440096,0.9045161290322581,6.896274071973954
gp_additive,18.0,2.1789170892940417,1.1777303993241584,0.5305918171204469,0.1354941537977403,0.4335483870967742,2.4238058594692125,0.7290322580645161,4.603195656467358,0.9161290322580645,7.0344872421025775
gp_additive,19.0,2.0635782510113634,1.0712721898232056,0.4917077229715347,-0.016758535447596767,0.48516129032258065,2.4485652813803243,0.7845161290322581,4.6492403911512605,0.9419354838709677,7.1048363651690565
gp_additive,20.0,1.9268972511486635,0.9262103758077268,0.5281556591907425,0.10612731470750415,0.5703225806451613,2.4554748111919693,0.8438709677419355,4.663052989476793,0.9651612903225807,7.125709190882037
gp_additive,21.0,1.8450550864286461,0.8424334044987559,0.49058201262973217,-0.01884622285647012,0.584516129032258,2.4498251943839464,0.8890322580645161,4.655111750210442,0.9858064516129033,7.115138644728185
gp_additive,22.0,1.8438908599799444,0.8386786516884721,0.5596961897942991,0.19857769895603564,0.6025806451612903,2.438662750693058,0.8864516129032258,4.634010641818268,0.9819354838709677,7.091794628696233
gp_additive,23.0,1.8449060713659542,0.8428642808120679,0.5221798221000962,0.07820609906175786,0.5883870967741935,2.425322831562183,0.8787096774193548,4.612218537810132,0.984516129032258,7.049546377813159
gp_locally_periodic,10.0,1.3121987244234938,0.46565909177463083,0.27373376937515725,-0.8335458429549136,0.33419354838709675,0.804312544369762,0.6258064516129033,1.5273285562215007,0.8748387096774194,2.333816895071789
gp_locally_periodic,11.0,1.4127912721036389,0.5521233886262032,0.431276454386542,-0.22907651853713845,0.4464516129032258,1.1950695361840489,0.7677419354838709,2.26900789910956,0.927741935483871,3.4695378397555032
gp_locally_periodic,12.0,1.7028652253437964,0.7367425655871854,0.5007650082886649,0.019631483766361778,0.43870967741935485,1.5807624600012375,0.7574193548387097,2.9994638050224545,0.9316129032258065,4.587849058774737
gp_locally_periodic,13.0,1.9390808734559262,0.931128996141337,0.5352873941340764,0.1531405979342035,0.43612903225806454,1.919887064166309,0.7380645161290322,3.6463930387171892,0.9070967741935484,5.575369126083703
gp_locally_periodic,14.0,2.0723934067440317,1.0704921084129435,0.5211513826267005,0.0969370391024358,0.4270967741935484,2.2040724905303084,0.7367741935483871,4.1906694341119834,0.9058064516129032,6.405250540552647
gp_locally_periodic,15.0,2.1917517071170782,1.2032896714178751,0.5190965677832176,0.09093610600372484,0.4206451612903226,2.4378975763113178,0.72,4.631975183616901,0.9058064516129032,7.081753357946392
gp_locally_periodic,16.0,2.274705444566263,1.3019621608042435,0.511329347033819,0.06114203537341557,0.41935483870967744,2.6232678386685233,0.7329032258064516,4.988013800997629,0.9006451612903226,7.620411468137625
gp_locally_periodic,17.0,2.320021106921491,1.362563326592147,0.5214648683166593,0.1056411526605788,0.4296774193548387,2.768639787778612,0.7212903225806452,5.262341788152991,0.9058064516129032,8.048961793545583
gp_locally_periodic,18.0,2.313851970595011,1.3674105688084552,0.5230364249730699,0.11318999467443915,0.44129032258064516,2.8830559838918184,0.7303225806451613,5.475883479886819,0.9187096774193548,8.37269872413747
gp_locally_periodic,19.0,2.2413073353615913,1.290874029887862,0.4900977223910057,-0.016414526608338472,0.46580645161290324,2.9684877432384242,0.7948387096774193,5.639404579061537,0.944516129032258,8.620484469176553
gp_locally_periodic,20.0,2.1535534451102856,1.1741791863759077,0.5182675722919933,0.08064361796299553,0.5006451612903225,3.034152071863563,0.8425806451612903,5.763148823523365,0.9638709677419355,8.807585317303397
gp_locally_periodic,21.0,2.1134298814988086,1.1194431465223045,0.48804264953460924,-0.022685196577010753,0.5316129032258065,3.0818494444314792,0.8606451612903225,5.855854599037634,0.984516129032258,8.951868252474913
gp_locally_periodic,22.0,2.10970979662115,1.1084846023744237,0.5392543426798511,0.14453015543934686,0.5612903225806452,3.1191141781567433,0.8722580645161291,5.924784709889204,0.9754838709677419,9.055329194933922
gp_locally_periodic,23.0,2.1192991039031237,1.122706155211499,0.510404112725842,0.046566999532684804,0.5548387096774193,3.1440895148320687,0.8658064516129033,5.974197754221947,0.9819354838709677,9.132677754384636
gp_matern32,10.0,1.3111205379040383,0.46544912167169067,0.2732404486844566,-0.834433604532971,0.33806451612903227,0.8028286095484519,0.6335483870967742,1.525443907879273,0.8761290322580645,2.3322455585047805
gp_matern32,11.0,1.4114117324196034,0.5516472994607851,0.43131309222026565,-0.23032225770557482,0.44129032258064516,1.1940702934129679,0.7716129032258064,2.2697289935305736,0.9341935483870968,3.467101018232397
gp_matern32,12.0,1.7008286058213793,0.735843899634038,0.5009523256638995,0.018175147229774258,0.4425806451612903,1.5791390555930804,0.7561290322580645,3.0001867451445374,0.9303225806451613,4.58342825645969
gp_matern32,13.0,1.9370129256889748,0.9296334407542557,0.5352791377208429,0.1513704600329916,0.4374193548387097,1.917900939909563,0.7341935483870968,3.644300527925037,0.9083870967741936,5.569897205434131
gp_matern32,14.0,2.0705522600276356,1.0688894376546116,0.5206627061684437,0.09427010293115576,0.432258064516129,2.2025530843108068,0.7367741935483871,4.184864030714054,0.912258064516129,6.399026087721747
gp_matern32,15.0,2.18918506080345,1.2008784245001165,0.5189603369648651,0.08808634223948344,0.4232258064516129,2.436407700882016,0.7174193548387097,4.6280039191243265,0.9109677419354839,7.075285883709665
gp_matern32,16.0,2.270771688489709,1.2985310371270549,0.5110633357199528,0.05808087190155692,0.42193548387096774,2.623890975020236,0.7329032258064516,4.982691644060837,0.9019354838709678,7.613925200788988
gp_matern32,17.0,2.315166461154234,1.358648040726041,0.521363211228722,0.10284469039167561,0.44,2.7714311422481503,0.727741935483871,5.264880441531346,0.9032258064516129,8.038497237642908
gp_matern32,18.0,2.309005480088489,1.3630248116980808,0.522959021099006,0.1107745906275675,0.4425806451612903,2.8877231477911254,0.7380645161290322,5.47705587759027,0.9212903225806451,8.368636368662147
gp_matern32,19.0,2.237070481802262,1.2864605373634714,0.48958350265430783,-0.018656594741397192,0.47096774193548385,2.9734199645399753,0.7948387096774193,5.645410036806367,0.9470967741935484,8.62669222393867
gp_matern32,20.0,2.150441578602752,1.1702005803584663,0.5178495913720481,0.07836446277300621,0.5032258064516129,3.0404974031460257,0.84,5.774225868840388,0.9625806451612903,8.816657596790634
gp_matern32,21.0,2.1114197204928016,1.1161579147311294,0.48756971186407877,-0.024779084315517935,0.5316129032258065,3.088849148553705,0.8606451612903225,5.869473072914627,0.984516129032258,8.963107807748655
gp_matern32,22.0,2.1083787152755247,1.1060430520853692,0.5390407079874348,0.14249646812402303,0.5690322580645162,3.1236881866947206,0.8761290322580645,5.939431941531967,0.9780645161290322,9.075114503534396
gp_matern32,23.0,2.118682987406206,1.120876359326068,0.5101809315556244,0.04475066552353508,0.5509677419354839,3.151646530935053,0.8683870967741936,5.99082343743188,0.983225806451613,9.156410366627123
gp_matern52,10.0,1.302034011341291,0.4662251017434563,0.2780062052105708,-0.8119949897717376,0.3432258064516129,0.8160856616259632,0.6451612903225806,1.5499919777246323,0.8774193548387097,2.368644347216985
gp_matern52,11.0,1.424224158482296,0.5591390081523031,0.43792183498784115,-0.20506203059352776,0.4374193548387097,1.203167812841307,0.7638709677419355,2.2863326815342497,0.9290322580645162,3.4943534169141808
gp_matern52,12.0,1.737079092180178,0.7628860443137765,0.5074707639117338,0.04618175271415926,0.42838709677419357,1.6193721441950262,0.76,3.0747321614583276,0.9290322580645162,4.700647395121375
gp_matern52,13.0,2.001202275698218,0.9866486292633131,0.538922280060117,0.17562859802237243,0.41161290322580646,1.9964116784244241,0.7354838709677419,3.7929327579615593,0.9032258064516129,5.7983136768645265
gp_matern52,14.0,2.1584463040818216,1.1573456063515961,0.5235364539995228,0.11942788148082653,0.4206451612903226,2.310857124599451,0.712258064516129,4.3861574880053364,0.9019354838709678,6.711470056787461
gp_matern52,15.0,2.302647626382391,1.322809591159465,0.5196301384884313,0.11151435887899973,0.39225806451612905,2.5515156636342113,0.6967741935483871,4.851810449285535,0.8916129032258064,7.422986342196014
gp_matern52,16.0,2.4045246859240152,1.4480842070385274,0.5109789654972232,0.08043774335585126,0.39483870967741935,2.7338970319021816,0.6916129032258065,5.197585139743633,0.8825806451612903,7.95195976576555
gp_matern52,17.0,2.463218266057482,1.5269423110931881,0.5197397939766886,0.12202272952821706,0.4,2.8639266415057905,0.68,5.4453252380178165,0.8787096774193548,8.329004347735102
gp_matern52,18.0,2.4633730717556497,1.541172806314149,0.5208195780198799,0.1286675248978737,0.41161290322580646,2.9573321166538524,0.7032258064516129,5.617671115703859,0.8890322580645161,8.589750566559799
gp_matern52,19.0,2.3840463502878437,1.466596982257342,0.48952854590372247,8.993308033983166e-05,0.41935483870967744,3.017593495239123,0.7341935483870968,5.7360445480024245,0.9187096774193548,8.773847966102073
gp_matern52,20.0,2.281523692136477,1.3383825133745402,0.516199856802833,0.09444358300231276,0.4645161290322581,3.059252036904833,0.7806451612903226,5.81267738363503,0.9419354838709677,8.887379019731446
gp_matern52,21.0,2.224338311920758,1.270596327648839,0.48838709677419356,-0.009960337238711578,0.49548387096774194,3.087042363870634,0.8012903225806451,5.8615117897494455,0.96,8.96270735163162
gp_matern52,22.0,2.207065363281435,1.2421635424615711,0.5365281782353206,0.15595309794753495,0.512258064516129,3.102983304724099,0.8232258064516129,5.89433143504632,0.96,9.009482450967194
gp_matern52,23.0,2.2055724165498742,1.2452626919539447,0.5094203094864899,0.05609126884160055,0.49806451612903224,3.1116198817235348,0.8219354838709677,5.913381651065022,0.9729032258064516,9.043755874649571
gp_periodic,10.0,1.2609471075449932,0.4788866929533246,0.3026549528803917,-0.6704598879069654,0.40258064516129033,1.0082553694087881,0.7406451612903225,1.9151965374588673,0.9354838709677419,2.925598901222587
gp_periodic,11.0,1.4687647883387231,0.5919109771584882,0.44439279885958294,-0.1745105394938662,0.4735483870967742,1.400406374948686,0.8012903225806451,2.6582269614567533,0.9535483870967741,4.063415376824794
gp_periodic,12.0,1.7853555995441537,0.8083024171883543,0.5082417064974102,0.051545197717721356,0.4645161290322581,1.8334923512640586,0.7987096774193548,3.483871489709205,0.9406451612903226,5.3207294025473475
gp_periodic,13.0,2.0499540884500007,1.044770043727811,0.5366561526404396,0.1698042550961449,0.44387096774193546,2.217907841612574,0.7445161290322581,4.2137937251250674,0.9238709677419354,6.442680742662353
gp_periodic,14.0,2.2094893399160664,1.2215088459971881,0.5205600170288522,0.11916971409556859,0.4296774193548387,2.5089395146817117,0.7329032258064516,4.765715062623025,0.9174193548387096,7.289187025253544
gp_periodic,15.0,2.3403562229316113,1.3722993813773035,0.5158561836019893,0.1112998631851004,0.41935483870967744,2.695809498860218,0.7161290322580646,5.121450436162289,0.9019354838709678,7.8304088939842815
gp_periodic,16.0,2.416249068597432,1.4608445222372892,0.5062606833472015,0.07908623337985445,0.4103225806451613,2.7843808923681777,0.6929032258064516,5.292099469933142,0.8787096774193548,8.095133499450945
gp_periodic,17.0,2.4450059163284346,1.4846301868818095,0.5148220678444956,0.11915651396926678,0.4064516129032258,2.7834816983439703,0.687741935483871,5.293151884413968,0.8812903225806452,8.093473360251238
gp_periodic,18.0,2.4128623836070067,1.433477951932844,0.5161028439473396,0.12836200295207362,0.4154838709677419,2.694577302843478,0.6954838709677419,5.123463857208094,0.8838709677419355,7.831239468511894
gp_periodic,19.0,2.2856726294735803,1.289498532112365,0.4801786739426308,-0.018861020587516545,0.42451612903225805,2.5101980293763786,0.7032258064516129,4.768594516515151,0.896774193548387,7.290372410055644
gp_periodic,20.0,2.1156858968707017,1.0891835708574693,0.5139768175397178,0.10732959187810635,0.4632258064516129,2.219265234204156,0.7290322580645161,4.217621196854729,0.9070967741935484,6.441332112071136
gp_periodic,21.0,2.0499397085279476,0.9925653791902161,0.47559868671427,-0.03977069378694311,0.44387096774193546,1.834397670256527,0.6761290322580645,3.485602443955565,0.8761290322580645,5.320785599377899
gp_periodic,22.0,2.375864870456313,1.015261070694281,0.5639810102495629,0.3377343682443836,0.35096774193548386,1.3986363009120235,0.5780645161290323,2.659672582012665,0.775483870967742,4.066622423159369
gp_periodic,23.0,3.538073342788368,1.1157448599751452,0.5298136501731912,0.21378473590176456,0.2296774193548387,1.006357038806562,0.40903225806451615,1.9127626891012262,0.6064516129032258,2.9244068468658218
gp_se,10.0,1.330052873666965,0.4840421847070137,0.28244815553018426,-0.793165147662116,0.3496774193548387,0.8558775159488101,0.64,1.626057801526834,0.8838709677419355,2.48382328548693
gp_se,11.0,1.4966443127199904,0.5993796010611211,0.44281608194490135,-0.1884663895537334,0.4,1.2304260477987472,0.7303225806451613,2.3353011063483193,0.9187096774193548,3.57175424688906
gp_se,12.0,1.8574064506675014,0.8480216525501717,0.5122994755887532,0.07820766031112647,0.38838709677419353,1.66987017561668,0.7238709677419355,3.171783596401621,0.9058064516129032,4.846638027108491
gp_se,13.0,2.181034688083203,1.1391984857811142,0.5398880223955209,0.210256263916753,0.3741935483870968,2.0928768408634886,0.6954838709677419,3.9758682621209616,0.8748387096774194,6.076962586033775
gp_se,14.0,2.393028469278273,1.3845595639456656,0.5219726377305184,0.15704281301911913,0.3858064516129032,2.441123230264042,0.655483870967742,4.637600925322408,0.8606451612903225,7.089857056087135
gp_se,15.0,2.588987703503806,1.6190855464188882,0.514693319400636,0.14522946567672346,0.37032258064516127,2.6902493580248,0.6232258064516129,5.110262700891263,0.8451612903225807,7.815198302768897
gp_se,16.0,2.7267708792056093,1.7893642080468875,0.5043449374641201,0.10944234015385108,0.33548387096774196,2.847115588240394,0.6129032258064516,5.407973806339186,0.8270967741935484,8.27349232085757
gp_se,17.0,2.8018423829182897,1.8806014443842427,0.5097276028665234,0.14293216949303994,0.33806451612903227,2.931568045148101,0.5987096774193549,5.567703180242392,0.8167741935483871,8.516268066751444
gp_se,18.0,2.7890048771203393,1.8799559867925544,0.5097892679528611,0.1427108488032999,0.3496774193548387,2.970737016970726,0.5987096774193549,5.6478104109547305,0.8206451612903226,8.629115845436042
gp_se,19.0,2.665419341770237,1.7734426259874905,0.48167437480245884,0.008409909666713367,0.3638709677419355,2.9845567641814106,0.6180645161290322,5.675460373470735,0.847741935483871,8.669491956883004
gp_se,20.0,2.499392516795472,1.5860322884347748,0.5065285007514626,0.10035055013981614,0.40903225806451615,2.9901689027638882,0.6812903225806451,5.684924683903171,0.8877419354838709,8.682907548727352
gp_se,21.0,2.3880700789137594,1.4693021006099893,0.48193032361269683,-0.009133150739897044,0.4270967741935484,2.9941849904299067,0.7187096774193549,5.686160957178993,0.9161290322580645,8.691739441204438
gp_se,22.0,2.327080955387376,1.3876720684827162,0.529729021937548,0.16193883173853443,0.44129032258064516,2.9936237774124907,0.752258064516129,5.687968478076417,0.9329032258064516,8.69234922779447
gp_se,23.0,2.295921062570849,1.3587875503361855,0.5049915178254671,0.05792725518666573,0.44129032258064516,2.994586204588909,0.7574193548387097,5.6892009123789595,0.9458064516129032,8.693058004380841
